{
  "project_info": {
    "project_number": "837831328107",
    "firebase_url": "https://medicine-4e90a.firebaseio.com",
    "project_id": "medicine-4e90a",
    "storage_bucket": "medicine-4e90a.appspot.com"
  },
  "client": [
    {
      "client_info": {
        "mobilesdk_app_id": "1:837831328107:android:62163f661b8021e742cc2e",
        "android_client_info": {
          "package_name": "com.example.scanmedicine"
        }
      },
      "oauth_client": [
        {
          "client_id": "837831328107-aq7f1ktamd0a9qg371htn35e3j75a6hi.apps.googleusercontent.com",
          "client_type": 3
        }
      ],
      "api_key": [
        {
          "current_key": "AIzaSyB-5ES74JByqZb2KR2uqDR2JS684nlfTV0"
        }
      ],
      "services": {
        "appinvite_service": {
          "other_platform_oauth_client": [
            {
              "client_id": "837831328107-aq7f1ktamd0a9qg371htn35e3j75a6hi.apps.googleusercontent.com",
              "client_type": 3
            }
          ]
        }
      }
    },
    {
      "client_info": {
        "mobilesdk_app_id": "1:837831328107:android:bffcedc54f0634e142cc2e",
        "android_client_info": {
          "package_name": "com.gautam.medicinetime.mock"
        }
      },
      "oauth_client": [
        {
          "client_id": "837831328107-aq7f1ktamd0a9qg371htn35e3j75a6hi.apps.googleusercontent.com",
          "client_type": 3
        }
      ],
      "api_key": [
        {
          "current_key": "AIzaSyB-5ES74JByqZb2KR2uqDR2JS684nlfTV0"
        }
      ],
      "services": {
        "appinvite_service": {
          "other_platform_oauth_client": [
            {
              "client_id": "837831328107-aq7f1ktamd0a9qg371htn35e3j75a6hi.apps.googleusercontent.com",
              "client_type": 3
            }
          ]
        }
      }
    }
  ],
  "configuration_version": "1"
}